sku,itemName,type,origin,initialstock,current Stock,uom,size,remark ,image,Last Update 
FBC245,ARBANA CONCRETE RAKE GREEN,Tool,DXB,3,0,PCS,,,Inventory_Images/FBC245.Image.115505.jpg,07/10/2025 13:02:10
ARI102CB,ARIX CORE DRILL BIT 102MM,Bit,DXB,1,1,PCS,102 mm,,Inventory_Images/ARI102CB.Image.200307.jpg,06/10/2025 01:15:14
ARI115CB,ARIX CORE DRILL BIT 115MM,Bit,DXB,1,1,PCS,115 mm,,Inventory_Images/ARI115CB.Image.200436.jpg,25/09/2025 17:38:32
ARI32CB,ARIX CORE DRILL BIT 32MM,Bit,DXB,1,1,PCS,32 mm,,Inventory_Images/ARI32CB.Image.200057.jpg,25/09/2025 17:38:33
ARI38CB,ARIX CORE DRILL BIT 38MM,Bit,DXB,1,1,PCS,38 mm,,Inventory_Images/ARI38CB.Image.200205.jpg,25/09/2025 17:38:33
FBC04,BAHCO HAND CHISELS 6 PIECE,Tool,DXB,1,1,PCS,,,Inventory_Images/FBC04.Image.120428.jpg,06/10/2025 16:04:16
FBC219,BATHTUB (1800x800x600 mm),Material ,DXB,0,1,PCS,1800x800x600 mm,,Inventory_Images/FBC219.Image.110217.jpg,02/10/2025 17:33:23
FBC204,BICYCLE,Tool,DXB,3,3,PCS,,,Inventory_Images/FBC204.Image.131650.jpg,22/09/2025 23:25:29
6290000955316,BIG SIZE GARBAGE WASTE BIN TRASH CAN WITH WHEELS 660 LITER,Tool,DXB,2,2,PCS,660 li,,Inventory_Images/6290000955316.Image.123807.jpg,23/09/2025 03:24:14
FBC08,"BLACK+ DACKER 16"" BOX FAN 55W",Tool,DXB,1,1,PCS,16 in,,Inventory_Images/FBC08.Image.120547.jpg,06/10/2025 16:05:33
VM1680B5,BLACK+DECKER VACUUM CLEANER 1600W 2.5L VM1680B5,Tool,DXB,1,1,PCS,2.5 li,,Inventory_Images/VM1680B5.Image.083021.jpg,27/09/2025 12:28:53
TR750,BOLTER CUTTER 750MM,Tool,SYD,1,1,PCS,750 mm,,Inventory_Images/TR750.Image.120835.jpg,06/10/2025 16:08:20
FBC2017,BOOKMATCH JADE GREEN MARBLE SLABS HONED (2780x2000x18 mm),Material ,DXB,0,0,PCS,2780x2000x18mm (5.56m²),,Inventory_Images/FBC2017.Image.065347.jpg,02/10/2025 17:47:50
FBC261,BOSCH LASER TRIPOD,Tool,DXB,1,0,PCS,,,Inventory_Images/FBC261.Image.104442.jpg,26/09/2025 14:45:39
PCHWR0120,BOW SHACKLE PINNACLE 13MM GALV PK1 PCHWR0120,Truck Acc.,DXB,7,7,PCS,13 mm,,Inventory_Images/PCHWR0120.Image.121001.jpg,06/10/2025 16:09:49
TJQ27182,BRICKLINE TROJAN 100M GREEN TJQ27182,Tool,DXB,5,5,PCS,100 m,,Inventory_Images/TJQ27182.Image.121213.png,06/10/2025 16:12:00
TJO27168,BRICKLINE TROJAN 100M PINK TJO27168,Tool,DXB,3,3,PCS,100 m,,Inventory_Images/TJO27168.Image.121255.png,06/10/2025 16:12:43
FBC247,BROOM BRUSH,Tool,DXB,4,3,PCS,,,Inventory_Images/FBC247.Image.142658.jpg,02/10/2025 15:20:20
SAB57407,BROOM OUTDOOR BIO DOZER SABCO 450MM EXTRA TOUGH SAB57407,Tool,DXB,9,2,PCS,450 mm,,Inventory_Images/SAB57407.Image.121521.jpg,06/10/2025 16:15:11
FBC264,BUBBLE WRAP ROLL,Material,DXB,1,1,ROLL,,,Inventory_Images/FBC264.Image.230412.jpg,27/09/2025 03:03:39
FBC230,BUILT IN FRIDGE AND FREEZER SS (2123x756x592 mm),Tool,DXB,0,1,PCS,2123x756x592 mm,,Inventory_Images/default.jpg,02/10/2025 17:39:08
FBC229,BUILT IN FRIDGE AND FREEZER WHITE (1776x540x550 mm),Tool,DXB,0,1,PCS,1776x540x550 mm,,Inventory_Images/default.jpg,02/10/2025 17:38:36
CM450111,BUILT-IN FULLY AUTOMATIC ESPRESSO MAKER 25.580KG,Tool,DXB,0,1,PCS,25.580 kg,,Inventory_Images/default.jpg,04/10/2025 15:49:11
FBC231,BUILT-IN GAS HOB 200 SERIES STAINLESS STEEL (914x10x132 mm),Tool,DXB,0,1,PCS,914x10x132 mm,,Inventory_Images/default.jpg,02/10/2025 17:35:05
FBC233,CARBON FILTER GREEN,Tool,DXB,0,1,PCS,,,Inventory_Images/default.jpg,
FBC265,NON WOVEN GEOTEXTILE CARPET ROLL 2Mx50M,Material,DXB,2,2,ROLL,2m x 50m,,Inventory_Images/FBC265.Image.230822.jpg,05/10/2025 17:18:47
FBC17,CAT6 WIRE CABLE BOX,Material,DXB,2,2,ROLL,,,Inventory_Images/17.Image.130726.jpg,23/09/2025 00:14:33
FBC19,CIGWELD MIG WELDER,Tool,SYD,1,1,PCS,,,Inventory_Files_/FBC19.Image.121835.webp,06/10/2025 16:18:26
BM485110,COMBI ME OVEN 76CM 400 SERIES SS L CTRL 49.500KG,Tool,DXB,0,1,PCS,49.500 kg,,Inventory_Images/default.jpg,04/10/2025 15:49:55
MF999,CONCRETE PLACER RAKE MASTERFINISH,Tool,DXB,3,3,PCS,500mmx100mm,,Inventory_Images/MF999.Image.121227.jpg,04/10/2025 16:12:59
FBC23,COREFLUTE PP SHEET BLACK 2MM,Material,DXB,125,125,PCS,2 mm,,Inventory_Images/FBC23.Image.125040.jpg,06/10/2025 16:50:31
FBC262,CORFLUTE PP SHEET BLUE 3MM,Material,DXB,50,25,PCS,3 mm,,Inventory_Images/FBC262.Image.121414.jpg,02/10/2025 14:57:38
FBC24,CORNER BRESS SCISSORS IN PRO MOBILE TOOL CHEST,Tool,DXB,1,0,PCS,,,Inventory_Images/FBC24.Image.125107.jpg,06/10/2025 16:50:59
FBC215,CORRUGATED ROLL BROWN CARDBOARD ROLL,Material,DXB,3,3,ROLL,,,Inventory_Images/FBC215.Image.101134.jpg,22/09/2025 18:59:51
FBC276,DEBRIS NET ROLL,Material,DXB,5,5,ROLL,,,Inventory_Images/FBC276.Image.102415.jpg,01/10/2025 15:09:10
FBC255,DENZEL BATTERY,Tool,DXB,1,0,PCS,,,Inventory_Images/FBC255.Image.083352.jpg,26/09/2025 12:34:44
FBC256,DENZEL BATTERY CHARGER,Tool,DXB,1,0,PCS,,,Inventory_Images/FBC256.Image.083415.jpg,26/09/2025 12:34:50
FBC254,DENZEL GRINDER,Tool,DXB,1,0,PCS,115 mm,,Inventory_Images/FBC254.Image.083325.jpg,06/10/2025 01:46:35
FBC29,DEWALT 5Ah BATTERY ,Tool,DXB,1,0,PCS,,,https://firebasestorage.googleapis.com/v0/b/mobile-inventory-2c3a7.appspot.com/o/production%2Fimages%2FS77FnMwh0Ba7e4cr1OP5Psfhvlu2%2FProduct_2025-09-13%2016_55_19_Field_34.jpg?alt=media&token=b9f8e776-a11a-41f5-9662-3beb69b9ed89,26/09/2025 09:20:57
FBC30,DEWALT 8M MEASUREMENT TAPE IN PRO MOBILE TOOL CHEST,Tool,DXB,1,1,PCS,8 m,,https://firebasestorage.googleapis.com/v0/b/mobile-inventory-2c3a7.appspot.com/o/production%2Fimages%2FS77FnMwh0Ba7e4cr1OP5Psfhvlu2%2FProduct_2025-08-19%2008_06_41_Field_27.jpg?alt=media&token=639ab049-dc7c-4997-8909-cbb41b15c062,04/10/2025 15:50:50
DCS575,DEWALT CIRCULAR SAW,Tool,DXB,1,1,PCS,,,Inventory_Images/DCS575.Image.065916.jpg,10/10/2025 11:42:54
DCV100,DEWALT COMPACT BELOWER 18V DCV100-XE,Tool,SYD,1,1,PCS,,,Inventory_Images/FBC27.Image.125900.jpg,21/09/2025 15:07:30
DCH333,DEWALT HAMMER DRILL DCH333,Tool,DXB,1,1,PCS,,,Inventory_Images/DCH333.Image.102617.jpg,10/10/2025 11:43:14
DCF887,DEWALT IMPACT DRIVER 6.3MM  (TIGHTER),Tool,DXB,1,0,PCS,6.3 mm,,https://firebasestorage.googleapis.com/v0/b/mobile-inventory-2c3a7.appspot.com/o/production%2Fimages%2FS77FnMwh0Ba7e4cr1OP5Psfhvlu2%2FProduct_2025-09-13%2016_52_00_Field_34.jpg?alt=media&token=f8d3220f-a0f8-4b92-b6c9-8e4aa0e57be4,02/10/2025 08:35:45
DCF899,DEWALT IMPACT WRENCH 13MM (TIGHTER),Tool,DXB,1,1,PCS,13 mm,,https://firebasestorage.googleapis.com/v0/b/mobile-inventory-2c3a7.appspot.com/o/production%2Fimages%2FS77FnMwh0Ba7e4cr1OP5Psfhvlu2%2FProduct_2025-09-13%2016_53_31_Field_34.jpg?alt=media&token=a89b901f-bfa5-4bb4-94df-5c3848aeeaec,02/10/2025 08:37:06
DEJW,DEWALT JIGSAW,Tool,DXB,1,0,PCS,,,Inventory_Images/DEJW.Image.052200.jpg,26/09/2025 09:23:27
DCS356,DEWALT OSCILLATING BASE MULTITOOL 18V DCS356,Tool,DXB,1,1,PCS,,,Inventory_Images/DCS356.Image.082014.jpg,
DCP580,DEWALT PLANER DCP580,Tool,DXB,1,1,PCS,,,Inventory_Images/DCP580.Image.070133.jpg,10/10/2025 11:43:04
DCR027,DEWALT RADIO DIGITAL BLUETOOTH DCR027-XE,Tool,DXB,1,1,PCS,,,Inventory_Images/DCR027.Image.130923.jpg,
DCS388,DEWALT RECIPROCATING SAW (JIGSAW),Tool,DXB,1,1,PCS,28.6 mm,,Inventory_Images/FBC201.Image.130512.jpg,02/10/2025 15:18:58
FBC33,"DEWALT TOOLBOX ORGANISER WITH SCREWS, BOLTS, NAILS, FIXES (CARRY ALL)",Tool,SYD,2,0,PCS,,,https://firebasestorage.googleapis.com/v0/b/mobile-inventory-2c3a7.appspot.com/o/production%2Fimages%2FS77FnMwh0Ba7e4cr1OP5Psfhvlu2%2FProduct_333_Field_13.jpg?alt=media&token=65defe16-d6e8-4090-8ff3-d6c0a5469900,26/09/2025 09:25:30
DCL043XE,DEWALT TORCH SPOT LIGHT 18V DCL043-XE,Tool,SYD,1,1,PCS,,,Inventory_Images/FBC32.Image.125613.jpg,
FBC288,DISC ALUMINIUM CUTTING 255MM,Bit,DXB,1,1,PCS,255 mm 10 inch,,Inventory_Images/FBC288.Image.054710.jpg,02/10/2025 09:46:24
ELS400GP,DISC CONCRETE BLADE 400MM ELS400GP,Bit,DXB,10,9,PCS,400 mm,,Inventory_Images/FBC36.Image.225528.jpg,03/10/2025 13:11:00
FBC284,DISC CONCRETE CUTTING,Bit,DXB,0,0,,,,Inventory_Images/FBC284.Image.175948.jpg,01/10/2025 21:59:37
FBC286,DISC GRINDER KEY,Tool,DXB,1,0,PCS,,,Inventory_Images/FBC286.Image.180734.jpg,01/10/2025 22:07:51
FBC68,DISC GRINDING CUP 125MM,Bit,DXB,2,0,PCS,125 mm,,Inventory_Images/FBC68.Image.162106.png,01/10/2025 20:20:55
FBDTCG180,DISC GRINDING CUP 180MM,Bit,DXB,3,0,PCS,"180 mm (7"")",,https://firebasestorage.googleapis.com/v0/b/mobile-inventory-2c3a7.appspot.com/o/production%2Fimages%2FS77FnMwh0Ba7e4cr1OP5Psfhvlu2%2FProduct_2025-08-16%2014_39_23_Field_27.jpg?alt=media&token=55f13d0f-5997-4873-86b9-da764a068bb8,01/10/2025 20:23:56
FBC50,DISC GRINDING FLAP CUP 115x22.2MM,Bit,DXB,14,14,PCS,115 mm,,Inventory_Files_/FBC50.Image.162339.webp,01/10/2025 20:25:38
KOGC125T,DISC METAL CUTTING 125MM,Bit,DXB,16,0,PCS,125 mm,,Inventory_Images/KOGC125T.Image.162321.jpg,01/10/2025 20:23:13
FBC287,DISC METAL CUTTING 230MM,Bit,DXB,2,2,PCS,230 mm,,Inventory_Images/FBC287.Image.054430.jpg,02/10/2025 09:45:13
FBC282,DISC WOOD CUTTING 165MM,Bit,DXB,3,3,PCS,165 mm 6.5 inch,,Inventory_Images/FBC282.Image.053714.png,04/10/2025 15:52:08
FBC313,DOUBLE SIDED FOAM TAPE,Material,DXB,3,3,ROLL,,,Inventory_Images/FBC313.Image.124645.jpg,04/10/2025 16:54:40
FBC271,DRIP TRAY TUB LARGE,Tool,DXB,4,3,PCS,,,Inventory_Images/FBC271.Image.072150.jpg,01/10/2025 13:20:13
FBC272,DRIP TRAY TUB SMALL,Tool,DXB,3,2,PCS,,,Inventory_Images/FBC272.Image.072225.jpg,01/10/2025 13:20:18
FBC314,DUCT MARKING LABLE (TAPE),Material,DXB,36,36,PCS,,"18 FAD, 18 EAD",Inventory_Images/FBC314.Image.125142.jpg,04/10/2025 16:51:47
FBC237,DUSTBIN,Tool,DXB,1,1,PCS,,,Inventory_Images/FBC237.Image.121917.jpg,04/10/2025 16:18:34
FBC35,DUSTPAN SHOVEL,Tool,DXB,3,1,PCS,,,https://firebasestorage.googleapis.com/v0/b/mobile-inventory-2c3a7.appspot.com/o/production%2Fimages%2FS77FnMwh0Ba7e4cr1OP5Psfhvlu2%2FProduct_2025-08-18%2014_23_05_Field_27.jpg?alt=media&token=8d43eb2b-a2d3-4133-931d-117209ec17a7,01/10/2025 15:46:45
FBC209,ELBOW BAND PIPE,Material,DXB,12,12,PCS,,,Inventory_Images/FBC209.Image.074222.jpg,23/09/2025 01:12:58
FBC38,ELECTRIC SWITCH SOCKET 1-GANG,Material,DXB,2,0,PCS,,,https://firebasestorage.googleapis.com/v0/b/mobile-inventory-2c3a7.appspot.com/o/production%2Fimages%2FS77FnMwh0Ba7e4cr1OP5Psfhvlu2%2FProduct_2025-08-19%2010_33_15_Field_27.jpg?alt=media&token=714ab458-6907-49c1-abfb-cd2e69e02ebc,23/09/2025 15:47:12
FBC39,ELECTRIC SWITCH SOCKET 2-GANG,Material,DXB,2,0,PCS,,,https://firebasestorage.googleapis.com/v0/b/mobile-inventory-2c3a7.appspot.com/o/production%2Fimages%2FS77FnMwh0Ba7e4cr1OP5Psfhvlu2%2FProduct_2025-08-19%2010_32_04_Field_27.jpg?alt=media&token=a40ce6b3-9bb0-4867-8311-d7a91e7029ef,23/09/2025 15:47:26
FBC40,FACE MASK,Material,DXB,0,0,PCS,,,https://firebasestorage.googleapis.com/v0/b/mobile-inventory-2c3a7.appspot.com/o/production%2Fimages%2FS77FnMwh0Ba7e4cr1OP5Psfhvlu2%2FProduct_2025-08-16%2014_47_37_Field_27.jpg?alt=media&token=7cff745b-0bb2-4fdd-998b-facfd12224dc,
FMM250Q,FEIN MALTIMASTER TOP FMM250Q,Tool,DXB,2,1,PCS,,,Inventory_Images/FMM250Q.Image.083221.jpg,26/09/2025 09:19:13
FBC259,FIRE EXTINGUISHER 1KG,Tool,DXB,1,1,PCS,1 kg,,Inventory_Images/FBC259.Image.095406.jpg,26/09/2025 13:53:56
FBC260,FIRE EXTINGUISHER 2KG,Tool,DXB,1,1,PCS,2 kg,,Inventory_Images/FBC260.Image.095523.jpg,26/09/2025 13:54:04
FBC251,FIRE EXTINGUISHER 5KG,Tool,DXB,2,2,PCS,5 kg,,Inventory_Images/FBC251.Image.080307.jpg,07/10/2025 12:13:09
FBC258,FIRE EXTINGUISHER 6KG,Tool,DXB,1,1,PCS,6 kg,,Inventory_Images/FBC258.Image.095224.jpg,26/09/2025 13:51:56
FBC273,FLAT SURFACE CLEANER.,Tool,DXB,1,1,PCS,30 mm,,Inventory_Images/FBC273.Image.083339.jpg,27/09/2025 12:32:47
FBC310,FLEXIBLE DUCT HOSING FOR EXHAUST FAN,Material,DXB,1,1,PCS,,,Inventory_Images/FBC310.Image.122826.jpg,05/10/2025 17:01:53
FBC334,FLEXIBLE FOAM GAP FILLER FOR CAULK,Material,DXB,6,6,ROLL,,,Inventory_Images/FBC334.Image.114235.jpg,04/10/2025 15:38:38
FBC301,FRIDGE,Tool,DXB,5,5,,,2 using in warehouse.,Inventory_Images/default.jpg,05/10/2025 11:01:48
FBDH1650,FULL BOAR DEMOLITION HAMMER 18KG 30MM HEX 50J 1700W FBDH-1650 64UYNPH/5RT9PU2,Tool,DXB,2,2,PCS,30 mm,,https://firebasestorage.googleapis.com/v0/b/mobile-inventory-2c3a7.appspot.com/o/production%2Fimages%2FS77FnMwh0Ba7e4cr1OP5Psfhvlu2%2FProduct_2025-08-17%2015_56_03_Field_27.jpg?alt=media&token=c5a21563-ac0c-47a9-a8d4-bd982a80fdec,10/10/2025 11:39:07
FBT1200,FULL BOAR DEMOLITION HAMMER BREAKER 1500W 14.2KG LDTY 40J FBT-1200,Tool,DXB,2,0,PCS,,,Inventory_Images/FBT1200.Image.054621.jpg,24/09/2025 10:36:54
FBCG14125,FULL BOAR GRINDER CONCRETE CRD 125MM 1500W FBCG-14125 6BFVUH3,Tool,DXB,1,0,PCS,125 mm,,https://firebasestorage.googleapis.com/v0/b/mobile-inventory-2c3a7.appspot.com/o/production%2Fimages%2FS77FnMwh0Ba7e4cr1OP5Psfhvlu2%2FProduct_2025-08-17%2015_53_40_Field_27.jpg?alt=media&token=287c8a7c-3454-49a4-8922-e8f51098a2d3,01/10/2025 08:51:37
FBCG20180,FULL BOAR GRINDER CONCRETE CRO 180MM 2000W FBCG-20180 6D271U2,Tool,DXB,2,0,PCS,180 mm,,https://firebasestorage.googleapis.com/v0/b/mobile-inventory-2c3a7.appspot.com/o/production%2Fimages%2FS77FnMwh0Ba7e4cr1OP5Psfhvlu2%2FProduct_2025-08-17%2016_10_52_Field_27.jpg?alt=media&token=92d12574-4fce-4ec0-b491-2229073baa11,30/09/2025 13:32:18
FBSC8041,FULL BOAR SPADE CHISEL 80MM FBSC-8041,Bit,DXB,3,3,PCS,80 mm,,Inventory_Images/FBSC8041.Image.195003.jpg,22/09/2025 23:53:11
FBWDV1240PT,FULL BOAR VACUUM WET DRY CRDED 1200W 40L FBWDV-1240PT,Tool,DXB,2,1,PCS,40 li,,https://firebasestorage.googleapis.com/v0/b/mobile-inventory-2c3a7.appspot.com/o/production%2Fimages%2FS77FnMwh0Ba7e4cr1OP5Psfhvlu2%2FProduct_2025-08-16%2015_03_30_Field_27.jpg?alt=media&token=53fdb533-87a4-48a4-b5e6-27615e8a24c4,04/10/2025 15:53:50
YH1230F,GARDEN HOSE HOLMAN 12MMX30M YARDMATE FTD YH1230F,Tool,DXB,3,1,ROLL,30 m,,https://firebasestorage.googleapis.com/v0/b/mobile-inventory-2c3a7.appspot.com/o/production%2Fimages%2FS77FnMwh0Ba7e4cr1OP5Psfhvlu2%2FProduct_2025-08-16%2015_18_30_Field_27.jpg?alt=media&token=1fa6eb0d-7c31-43ab-8199-576c42ac8a30,08/10/2025 08:26:35
FBC300,GAS CAN WITH DIESEL,Material,SYD,1,1,PCS,10 li,,Inventory_Images/FBC300.Image.192033.jpg,02/10/2025 23:19:44
GWP120,SAND PAPER ABRASIVE SHEET,Material,DXB,13,13,PCS,230x280MM,,Inventory_Images/GWP120.Image.100441.jpg,05/10/2025 17:30:58
FBC267,GI CONDUIT PIPE,Material,DXB,16,16,PCS,,,Inventory_Images/FBC267.Image.070117.jpg,04/10/2025 15:54:54
FBC270,GI FLEXIBLE CONDUIT WITH PVC COATING,Material,DXB,2,2,ROLL,25 mm,,Inventory_Images/FBC270.Image.071840.jpg,04/10/2025 15:55:29
FBC268,GI TREADED BAR SHIELD ROD,Material,DXB,82,82,PCS,,,Inventory_Images/FBC268.Image.191712.jpg,04/10/2025 23:17:00
FBC269,GI TREADED BAR SHIELD ROD SMALL,Material,DXB,17,17,PCS,,,Inventory_Images/FBC269.Image.191720.jpg,04/10/2025 23:17:10
FBC51,GLASS CLEANER ,Material,DXB,4,4,PCS,,,https://firebasestorage.googleapis.com/v0/b/mobile-inventory-2c3a7.appspot.com/o/production%2Fimages%2FS77FnMwh0Ba7e4cr1OP5Psfhvlu2%2FProduct_2025-08-18%2014_20_20_Field_27.jpg?alt=media&token=e80b7b04-32da-4b4c-9051-ced9e1a256c0,
FBC52,GLASS SPACER,Material,DXB,84,44,PCS,19x25 mm,,https://firebasestorage.googleapis.com/v0/b/mobile-inventory-2c3a7.appspot.com/o/production%2Fimages%2FS77FnMwh0Ba7e4cr1OP5Psfhvlu2%2FProduct_2025-09-09%2012_55_29_Field_34.jpg?alt=media&token=b7ccb6d4-c06b-45f9-ab4b-dff80f097367,05/10/2025 18:00:34
FBC53,HAGER RCCB OR RCB - MCB,Material,DXB,2,2,PCS,,,https://firebasestorage.googleapis.com/v0/b/mobile-inventory-2c3a7.appspot.com/o/production%2Fimages%2FS77FnMwh0Ba7e4cr1OP5Psfhvlu2%2FProduct_2025-08-19%2010_36_15_Field_27.jpg?alt=media&token=88776080-1328-4197-8e7e-278b0601194e,
FBC241,HAMMER CHISEL MESH PLASTIC BUCKET WITH CHISEL AND BITS,Tool,DXB,1,1,PACK,,,Inventory_Images/FBC241.Image.103428.jpg,10/10/2025 11:39:32
CR706213,SLEDGE HAMMER 1.351KG,Tool,DXB,2,0,PCS,1.351 kg,,https://firebasestorage.googleapis.com/v0/b/mobile-inventory-2c3a7.appspot.com/o/production%2Fimages%2FS77FnMwh0Ba7e4cr1OP5Psfhvlu2%2FProduct_2025-08-16%2015_14_48_Field_27.jpg?alt=media&token=79a19af9-6ba6-471a-8407-262abd6ee54e,06/10/2025 01:39:19
CR706226,SLEDGE HAMMER CRAFTRIGHT 3.6KG,Tool,DXB,2,0,PCS,3.6 kg,,https://firebasestorage.googleapis.com/v0/b/mobile-inventory-2c3a7.appspot.com/o/production%2Fimages%2FS77FnMwh0Ba7e4cr1OP5Psfhvlu2%2FProduct_2025-08-16%2015_15_59_Field_27.jpg?alt=media&token=2cd19eb4-873b-4d3e-bfb1-529415ed8e2e,06/10/2025 01:40:03
FBC208,HAND SIDE SCRAPER 2 INCH,Tool,DXB,2,1,PCS,2 inch,,Inventory_Images/FBC208.Image.073916.jpg,03/10/2025 07:05:34
FBC207,HAND SIDE SCRAPER 4 INCH 1.1MM BLADE,Tool,DXB,1,0,PCS,4 inch,,Inventory_Images/FBC207.Image.073651.jpg,03/10/2025 07:05:39
HELI35,HELI FORKLIFT 3.5 TON,Plant ,DXB,0,1,PCS,3.5 ton,,Inventory_Images/HELI35.Image.104547.jpg,04/10/2025 15:57:14
41250,HILTI C 412-50 115V BATTERY CHARGER,Tool,DXB,1,1,PCS,,,https://firebasestorage.googleapis.com/v0/b/mobile-inventory-2c3a7.appspot.com/o/production%2Fimages%2FS77FnMwh0Ba7e4cr1OP5Psfhvlu2%2FProduct_815_Field_34.jpg?alt=media&token=620aa433-40b7-4f73-b61a-366aec1fdb5a,04/10/2025 15:57:34
TE2000AVR,HILTI DEMOLITION HAMMER + 4 BIT,Tool,DXB,1,0,PCS,,WITH 4 BIT,Inventory_Images/TE2000AVR.Image.064052.jpg,08/10/2025 08:01:27
FBC59,HILTI DG150 CONCRETE GRINDER,Tool,SYD,2,2,PCS,,BOTH NOT WORKING,https://firebasestorage.googleapis.com/v0/b/mobile-inventory-2c3a7.appspot.com/o/production%2Fimages%2FS77FnMwh0Ba7e4cr1OP5Psfhvlu2%2FProduct_2025-08-16%2015_33_57_Field_27.jpg?alt=media&token=dc9c5386-a877-456c-868b-8ba0be75032c,
PM50MG22,HILTI LEVEL LASER WITH BATTERY AND CHARGER PM50 MG-22 ,Tool,DXB,1,0,PCS,,,Inventory_Images/FBC60.Image.230329.jpg,25/09/2025 09:09:41
FBC61,HILTI PRA 20 ROTATING LASER RECEIVER FBC,Tool,DXB,1,1,PCS,,,https://firebasestorage.googleapis.com/v0/b/mobile-inventory-2c3a7.appspot.com/o/production%2Fimages%2FS77FnMwh0Ba7e4cr1OP5Psfhvlu2%2FProduct_2025-08-19%2015_08_00_Field_34.jpg?alt=media&token=273f3774-9b9e-41bd-9cc2-90ba1cd735cc,
TE70ATC,HILTI ROTARY HAMMER DRILL  TE 70 ATC/AVR,Tool,SYD,1,1,PCS,,NOT WORKING,Inventory_Images/FBC62.Image.133203.jpg,
G23SE2,HITACHI ANGLE GRINDER 230MM,Tool,DXB,1,0,PCS,230 mm,,https://firebasestorage.googleapis.com/v0/b/mobile-inventory-2c3a7.appspot.com/o/production%2Fimages%2FS77FnMwh0Ba7e4cr1OP5Psfhvlu2%2FProduct_2025-08-18%2015_03_44_Field_27.jpg?alt=media&token=0370980a-d6c1-4b5f-8625-ba12c72b022e,02/10/2025 23:20:40
FBC65,"HOLESAW XTORQUE SET 11 SAW, 3 BIT, 2 BIT EXTENSION",Bit,SYD,1,1,BOX,,11 pcs,Inventory_Images/FBC65.Image.065110.jpg,02/10/2025 10:52:44
FBC66,HUSQVARNA BLOWER,Tool,SYD,1,1,PCS,,,https://firebasestorage.googleapis.com/v0/b/mobile-inventory-2c3a7.appspot.com/o/production%2Fimages%2FS77FnMwh0Ba7e4cr1OP5Psfhvlu2%2FProduct_2025-08-16%2016_08_33_Field_27.jpg?alt=media&token=5b38f34a-76f7-4dc1-b955-74c72d475512;https://firebasestorage.googleapis.com/v0/b/mobile-inventory-2c3a7.appspot.com/o/production%2Fimages%2FS77FnMwh0Ba7e4cr1OP5Psfhvlu2%2FProduct_2025-08-16%2016_09_40_Field_27.jpg?alt=media&token=85fc40e0-4718-44df-8e97-3b1f14aefee6,02/10/2025 23:18:29
FBC67,"HUSQVARNA CONCRETE SAW K970 4.8kW 400MM (16"")",Tool,DXB,2,0,PCS,"400 mm 16""",,https://firebasestorage.googleapis.com/v0/b/mobile-inventory-2c3a7.appspot.com/o/production%2Fimages%2FS77FnMwh0Ba7e4cr1OP5Psfhvlu2%2FProduct_2025-08-19%2011_56_06_Field_34.jpg?alt=media&token=4a37b051-606a-4905-8e04-4071a0a3bec9,08/10/2025 08:26:59
DM220,HUSQVARNA CORE HOLE MACHINE,Tool,DXB,1,1,,,,Inventory_Images/DM220.Image.084435.jpg,24/09/2025 12:44:34
FBC232,IN-NOVA COMFORT BUILT-IN COOKER HOOD SS (900x320x340 mm),Tool,DXB,0,1,PCS,900x320x340 mm,,Inventory_Images/default.jpg,02/10/2025 17:34:34
FBC296,INDUSTRIAL PLUG FEMALE,Tool,DXB,7,4,PCS,,,Inventory_Images/FBC296.Image.090608.jpg,08/10/2025 10:51:44
FBC297,INDUSTRIAL PLUG 3 WAY,Tool,DXB,1,0,PCS,,,Inventory_Images/FBC297.Image.110735.jpg,02/10/2025 15:07:44
JWA002,J-WA-002 GUEST BATHROOM (700x500x150 mm),Material ,DXB,0,1,PCS,700x500x150 mm,,Inventory_Images/default.jpg,02/10/2025 17:33:07
JWA003,J-WA-003 WASHROOM POWER ROOM (1450x500x150 mm),Material ,DXB,0,1,PCS,1450x500x150 mm,,Inventory_Images/default.jpg,02/10/2025 17:31:15
JWA004,J-WA-004 WASHROOM POWER ROOM (1740x500x150 mm),Material ,DXB,0,1,PCS,1740x500x150 mm,,Inventory_Images/default.jpg,02/10/2025 17:31:39
JWA006,J-WA-006 JUNIOR SUITE 1 (1410x500x150 mm),Material ,DXB,0,1,PCS,1410x500x150 mm,,Inventory_Images/default.jpg,02/10/2025 17:31:55
JWA007,J-WA-007 JUNIOR SUITE 2 (740x500x150 mm),Material ,DXB,0,1,PCS,740x500x150 mm,,Inventory_Images/default.jpg,02/10/2025 17:32:19
JWA008,J-WA-008 JUNIOR SUITE 3 (990x500x150 mm),Material ,DXB,0,1,PCS,990x500x150 mm,,Inventory_Images/default.jpg,02/10/2025 17:32:40
FBC03,JOBSITE TOOL BOX BLUE,Tool,DXB,1,0,PCS,,,https://firebasestorage.googleapis.com/v0/b/mobile-inventory-2c3a7.appspot.com/o/production%2Fimages%2FS77FnMwh0Ba7e4cr1OP5Psfhvlu2%2FProduct_2025-08-19%2011_01_54_Field_27.jpg?alt=media&token=4255af73-9f9e-4ffc-9230-1e15b8c5078e,01/10/2025 08:58:26
U354,KUBOTA 1.7T EXCAVATOR U35-4 SR. 12171,Plant,SYD,1,0,PCS,,,https://firebasestorage.googleapis.com/v0/b/mobile-inventory-2c3a7.appspot.com/o/production%2Fimages%2FS77FnMwh0Ba7e4cr1OP5Psfhvlu2%2FProduct_2025-08-16%2015_02_24_Field_27.jpg?alt=media&token=8984aaef-320e-4f32-bbdf-7752e974433f,08/10/2025 09:39:02
U17,KUBOTA 3.5T EXCAVATOR U17 SR. 175K325,Plant,SYD,1,1,PCS,,,Inventory_Images/U17.Image.034213.jpg,08/10/2025 07:42:02
FBC293,KUBOTA AUGER HOLE DIGGER DRILL,Plant ,DXB,1,1,PCS,,,Inventory_Images/FBC293.Image.062728.jpg,02/10/2025 10:34:37
FBC280,KUBOTA DIGGING BUCKET,Plant ,DXB,1,1,PCS,,,Inventory_Images/FBC280.Image.160738.jpg,27/09/2025 20:07:03
FBC71,"KUBOTA EXCAVATOR JACK HAMMER ATTACHMENT, BUCKETS AND A SHAKER BUCKET",Plant ,SYD,1,1,PCS,,,https://firebasestorage.googleapis.com/v0/b/mobile-inventory-2c3a7.appspot.com/o/production%2Fimages%2FS77FnMwh0Ba7e4cr1OP5Psfhvlu2%2FProduct_2025-08-17%2016_09_34_Field_27.jpg?alt=media&token=4b6beba2-6888-4641-9f45-b7455988f4db,27/09/2025 20:04:27
FBC292,KUBOTA GRAB BUCKET,Plant ,DXB,1,1,PCS,,,Inventory_Images/FBC292.Image.062412.jpg,02/10/2025 10:23:47
FBC275,KUBOTA HYDRAULIC JACK HAMMER BREAKER,Plant ,DXB,1,0,PCS,,,Inventory_Images/FBC275.Image.084237.jpg,08/10/2025 09:42:40
FBC274,KUBOTA SHAKER BUCKET,Plant ,DXB,1,1,PCS,,,Inventory_Images/FBC274.Image.083911.jpg,27/09/2025 20:09:44
SVL75,KUBOTA SKID STEER LOADER SVL75 SR. N41096-M,Plant,SYD,1,1,PCS,,,https://firebasestorage.googleapis.com/v0/b/mobile-inventory-2c3a7.appspot.com/o/production%2Fimages%2FS77FnMwh0Ba7e4cr1OP5Psfhvlu2%2FProduct_2025-08-16%2015_35_42_Field_27.jpg?alt=media&token=11f66e18-ce39-4539-9c6d-96db25380c91,
FBC02,LADDER ALUMINIUM 6FT 5 STEP,Tool,SYD,2,0,PCS,,,Inventory_Images/default.jpg,24/09/2025 09:25:31
FBC222,LADDER DOUBLE-TELESCOPIC PORTABLE ALUMINUM 8 STEPS FOLDING,Tool,DXB,1,0,PCS,,,Inventory_Images/FBC222.Image.083026.jpg,23/09/2025 10:40:07
CBS3DA,LADDER STEP ALUM CITECO 0.9M DBL SIDE 150KG CBS3DA,Tool,DXB,1,1,PCS,,,https://firebasestorage.googleapis.com/v0/b/mobile-inventory-2c3a7.appspot.com/o/production%2Fimages%2FS77FnMwh0Ba7e4cr1OP5Psfhvlu2%2FProduct_2025-08-16%2016_06_57_Field_27.jpg?alt=media&token=5c85bed1-72e0-43d0-8465-6231d9b09dfd,
FBC112,LUBRICATING GREASE BOX,Material,DXB,2,1,PCS,,,https://firebasestorage.googleapis.com/v0/b/mobile-inventory-2c3a7.appspot.com/o/production%2Fimages%2FS77FnMwh0Ba7e4cr1OP5Psfhvlu2%2FProduct_2025-08-19%2010_33_50_Field_27.jpg?alt=media&token=a0ea7065-9225-4d51-82bb-010ba5f39c85,02/10/2025 15:26:45
GA9020,MAKITA ANGLE GRINDER 230MM GA9020,Tool,SYD,1,0,PCS,,,https://firebasestorage.googleapis.com/v0/b/mobile-inventory-2c3a7.appspot.com/o/production%2Fimages%2FS77FnMwh0Ba7e4cr1OP5Psfhvlu2%2FProduct_2025-09-15%2018_59_18_Field_45.jpg?alt=media&token=a329af4e-6b7b-43d2-8215-726b18ee2154,30/09/2025 13:31:30
9924DB,MAKITA BELT SANDERS 76X610MM 9924DB,Tool,SYD,2,2,PCS,,,Inventory_Images/FBC05.Image.201855.jpg,23/09/2025 00:19:58
5606B,MAKITA CIRCULAR SAW 160MM 5606B,Tool,SYD,1,1,PCS,160 mm,,Inventory_Images/FBC77.Image.131356.jpg,23/09/2025 17:13:13
N5900BB,MAKITA CIRCULAR SAW 235MM N5900B,Tool,SYD,1,1,PCS,235 mm,,Inventory_Images/FBC74.Image.131651.jpg,23/09/2025 17:16:24
5007NK,MAKITA CIRCULAR SAW ELECTRIC 185MM 50079,Tool,SYD,2,2,BOX,185 mm,,Inventory_Images/5007NK.Image.120339.jpg,23/09/2025 16:03:38
DLX2176T,"MAKITA DRILL, CHARGER, IMPACT DRIVER(TIGHTER) COMBO KIT",Tool,SYD,1,1,BOX,,,https://firebasestorage.googleapis.com/v0/b/mobile-inventory-2c3a7.appspot.com/o/production%2Fimages%2FS77FnMwh0Ba7e4cr1OP5Psfhvlu2%2FProduct_2025-08-18%2016_37_25_Field_27.jpg?alt=media&token=06acfad0-2770-448a-a98b-cb1fe6d5fc9e,02/10/2025 08:37:56
HG6030,MAKITA HEAT GUN HG6030,Tool,SYD,1,1,PCS,,,https://firebasestorage.googleapis.com/v0/b/mobile-inventory-2c3a7.appspot.com/o/production%2Fimages%2FS77FnMwh0Ba7e4cr1OP5Psfhvlu2%2FProduct_2025-09-13%2016_34_29_Field_34.jpg?alt=media&token=cb1f6242-a77f-4a0c-a741-8dbb62a1171e,23/09/2025 16:38:56
JV0600K-4350CT,MAKITA JIGSAW ELECTRIC JV0600K/4350CT,Tool,SYD,2,2,PCS,,,Inventory_Images/FBC82.Image.121844.jpg,23/09/2025 16:19:35
3709,MAKITA LAMINATE TRIMMER TRIM ROUTER 3709K,Tool,DXB,1,1,PCS,,,Inventory_Images/3709.Image.124856.jpg,23/09/2025 16:48:55
BO5041,MAKITA ORBITAL SANDER AUDIBLE ELECTRIC BO5041,Tool,SYD,1,1,PCS,,,Inventory_Images/FBC86.Image.122312.jpg,23/09/2025 16:26:17
BO4556,MAKITA PALM SQUARE SANDER ELECTRIC BO4556,Tool,SYD,1,1,PCS,,,Inventory_Images/FBC80.Image.123720.jpg,24/09/2025 18:05:19
KP0800,MAKITA PLANER ELECTRIC KP0800,Tool,SYD,1,1,PCS,,,https://firebasestorage.googleapis.com/v0/b/mobile-inventory-2c3a7.appspot.com/o/production%2Fimages%2FS77FnMwh0Ba7e4cr1OP5Psfhvlu2%2FProduct_2025-08-16%2015_57_54_Field_27.jpg?alt=media&token=c187bb25-ee80-44ea-9f0f-19de27ae82e0,23/09/2025 16:43:35
JR3070CT,MAKITA RECIPROCATING SAW (JIGSAW) JR3070CT,Tool,SYD,2,2,PCS,,,Inventory_Images/FBC85.Image.121036.jpg,07/10/2025 13:09:31
LS1017L,MAKITA SLIDING COMPOUND MITER SAW DROP SAW 255-260mm LS1017L,Tool,SYD,1,1,PCS,255-260 mm,,Inventory_Images/FBC75.Image.130639.jpg,23/09/2025 22:48:44
LS1019L,MAKITA SLIDING COMPOUND MITER SAW WITH LASER DROP SAW 255-260mm LS1019L,Tool,DXB,1,1,PCS,255-260 mm,,Inventory_Images/LS1019L.Image.130831.jpg,23/09/2025 22:48:18
4101RH,MAKITA TILE SAW WET DIAMOND CUTTER  ELECTRIC 110MM 4101RH,Tool,SYD,1,1,PCS,,,Inventory_Images/FBC87.Image.210432.jpg,23/09/2025 01:11:13
FBC249,MARKER BLACK,Material,DXB,0,0,PCS,,,Inventory_Images/FBC249.Image.053110.jpg,25/09/2025 09:30:32
FBC88,MASKING TAPE,Material,DXB,27,17,ROLL,,,https://firebasestorage.googleapis.com/v0/b/mobile-inventory-2c3a7.appspot.com/o/production%2Fimages%2FS77FnMwh0Ba7e4cr1OP5Psfhvlu2%2FProduct_2025-08-16%2015_01_27_Field_27.jpg?alt=media&token=0b526f57-2138-41ea-8fe2-0f1a64a931d0,04/10/2025 16:54:48
FBC206,MASON HAND TROWEL,Tool,DXB,2,2,PCS,,,Inventory_Images/FBC206.Image.073355.jpg,
FBC89,MDF BOARD ,Material,DXB,123,73,PCS,,,https://firebasestorage.googleapis.com/v0/b/mobile-inventory-2c3a7.appspot.com/o/production%2Fimages%2FS77FnMwh0Ba7e4cr1OP5Psfhvlu2%2FProduct_2025-09-09%2012_47_25_Field_34.jpg?alt=media&token=0e4ebf32-dba0-4bcc-abf9-a705248a6bee,02/10/2025 14:57:42
FBC90,METABO 9 INCH GRINDER,Tool,SYD,1,0,PCS,,,https://firebasestorage.googleapis.com/v0/b/mobile-inventory-2c3a7.appspot.com/o/production%2Fimages%2FS77FnMwh0Ba7e4cr1OP5Psfhvlu2%2FProduct_2025-08-16%2015_36_39_Field_27.jpg?alt=media&token=5d84a405-5124-4063-81a1-8c8aaed259b7,26/09/2025 11:38:35
M18FPD3,MILWAUKEE  PERCUSSION DRILL 18V M18FPD3 (TIGHTER),Tool,DXB,1,0,PCS,,,Inventory_Images/M18FPD3.Image.081340.jpg,26/09/2025 09:21:05
FBC93,MILWAUKEE 3Ah BATTERY ,Tool,DXB,2,0,PCS,,,https://firebasestorage.googleapis.com/v0/b/mobile-inventory-2c3a7.appspot.com/o/production%2Fimages%2FS77FnMwh0Ba7e4cr1OP5Psfhvlu2%2FProduct_2025-09-13%2016_46_04_Field_34.jpg?alt=media&token=dd66e04f-a4cb-42b1-8a8c-e1b6f37ccad5,26/09/2025 12:09:58
FBC94,MILWAUKEE 5Ah BATTERY ,Tool,DXB,5,1,PCS,,,https://firebasestorage.googleapis.com/v0/b/mobile-inventory-2c3a7.appspot.com/o/production%2Fimages%2FS77FnMwh0Ba7e4cr1OP5Psfhvlu2%2FProduct_2025-09-13%2016_45_23_Field_34.jpg?alt=media&token=d2bd7021-6afb-4bf7-936c-a46d813cdda9,10/10/2025 11:44:24
FBC95,MILWAUKEE 6Ah BATTERY ,Tool,DXB,2,1,PCS,,,https://firebasestorage.googleapis.com/v0/b/mobile-inventory-2c3a7.appspot.com/o/production%2Fimages%2FS77FnMwh0Ba7e4cr1OP5Psfhvlu2%2FProduct_2025-09-13%2016_44_59_Field_34.jpg?alt=media&token=30b4320c-6d8a-4500-8f9b-db94a8131ee0,26/09/2025 12:12:25
FBC96,MILWAUKEE 6X BATTERY CHARGER ,Tool,DXB,1,1,PCS,,,https://firebasestorage.googleapis.com/v0/b/mobile-inventory-2c3a7.appspot.com/o/production%2Fimages%2FS77FnMwh0Ba7e4cr1OP5Psfhvlu2%2FProduct_2025-09-13%2016_46_52_Field_34.jpg?alt=media&token=329a2791-14c1-4dfc-b405-2c7175f9c727,
M18FBL,MILWAUKEE AIR BLOWER AND FANS M18 FBL,Tool,DXB,1,1,PCS,,,Inventory_Images/M18FBL.Image.075930.jpg,21/09/2025 15:07:58
FAG125XPD,MILWAUKEE ANGLE GRINDER FUEL M18 FAG125XPD 18V 125MM,Tool,DXB,1,1,PCS,,,https://firebasestorage.googleapis.com/v0/b/mobile-inventory-2c3a7.appspot.com/o/production%2Fimages%2FS77FnMwh0Ba7e4cr1OP5Psfhvlu2%2FProduct_819_Field_34.jpg?alt=media&token=6b220e54-26ba-49f3-bc1a-a2dfd2214a66,
FFN302C,MILWAUKEE BATTERY NAIL GUN M18 FFN-302C,Tool,SYD,1,1,PCS,,,https://firebasestorage.googleapis.com/v0/b/mobile-inventory-2c3a7.appspot.com/o/production%2Fimages%2FS77FnMwh0Ba7e4cr1OP5Psfhvlu2%2FProduct_2025-08-18%2009_56_03_Field_27.jpg?alt=media&token=0c1debc6-866b-4d43-a750-cc73d45a0ecf,
FFN16GA0C,MILWAUKEE BATTERY NAIL GUN M18 FUEL FN16GA-0C,Tool,SYD,1,1,PCS,,,https://firebasestorage.googleapis.com/v0/b/mobile-inventory-2c3a7.appspot.com/o/production%2Fimages%2FS77FnMwh0Ba7e4cr1OP5Psfhvlu2%2FProduct_2025-08-18%2015_50_31_Field_27.jpg?alt=media&token=699c9773-21bc-40d0-9754-267e97198303,
M18BBL,MILWAUKEE BLOWER AND FANS M18 BBL,Tool,DXB,1,0,PCS,,,https://firebasestorage.googleapis.com/v0/b/mobile-inventory-2c3a7.appspot.com/o/production%2Fimages%2FS77FnMwh0Ba7e4cr1OP5Psfhvlu2%2FProduct_817_Field_34.jpg?alt=media&token=3d08c209-629f-49bc-b8cf-92a9e5f3bcad,26/09/2025 09:19:22
M18FCS660,MILWAUKEE CIRCULAR SAW 184MM FCS660,Tool,DXB,1,1,PCS,184 mm,,Inventory_Images/M18FCS660.Image.095247.jpg,24/09/2025 13:51:40
CCS55,MILWAUKEE CIRCULAR SAW M18 CCS55,Tool,DXB,1,0,PCS,,,Inventory_Images/CCS55.Image.132205.jpg,26/09/2025 09:21:09
M18WDV,MILWAUKEE FUEL WET/DRY VACUUM CLEANER M18 WDV,Tool,SYD,1,1,PCS,,,https://firebasestorage.googleapis.com/v0/b/mobile-inventory-2c3a7.appspot.com/o/production%2Fimages%2FS77FnMwh0Ba7e4cr1OP5Psfhvlu2%2FProduct_2025-08-19%2014_48_14_Field_34.jpg?alt=media&token=eeb794ea-f78b-43ef-81dc-a3fb48a822f9,
M18GG,MILWAUKEE GREASE GUN M18GG,Tool,SYD,1,0,PCS,,,https://firebasestorage.googleapis.com/v0/b/mobile-inventory-2c3a7.appspot.com/o/production%2Fimages%2FS77FnMwh0Ba7e4cr1OP5Psfhvlu2%2FProduct_2025-08-16%2015_28_43_Field_27.jpg?alt=media&token=8b87ac02-d82d-4c5b-abde-62118244891d,08/10/2025 09:39:07
M18BHG,MILWAUKEE HEAT GUN M18 BHG,Tool,DXB,1,1,PCS,,,https://firebasestorage.googleapis.com/v0/b/mobile-inventory-2c3a7.appspot.com/o/production%2Fimages%2FS77FnMwh0Ba7e4cr1OP5Psfhvlu2%2FProduct_821_Field_34.jpg?alt=media&token=07388f4b-81a2-425e-835c-14ddf7f4c837,
FIW2F12,MILWAUKEE HIGH TORQUE IMPACT WRENCH M18 FIW2F12 (TIGHTER),Tool,DXB,1,1,PCS,,,Inventory_Images/FW2F12.Image.074326.jpg,07/10/2025 11:44:23
M18FTR0,MILWAUKEE LAMINATE TRIMMER TRIM ROUTER  M18FTR0,Tool,DXB,1,1,PCS,,,Inventory_Images/M18FTR0.Image.082813.jpg,
F18FMT,MILWAUKEE M18 FUEL MULTITOOL BARE UNIT M18 FMT,Tool,DXB,1,1,PCS,,,https://firebasestorage.googleapis.com/v0/b/mobile-inventory-2c3a7.appspot.com/o/production%2Fimages%2FS77FnMwh0Ba7e4cr1OP5Psfhvlu2%2FProduct_820_Field_34.jpg?alt=media&token=9bac5fd5-3c50-49bf-88b1-e0335a2e77de,
FBC107,MILWAUKEE M18 LED AREA LIGHT PORTABLE LIGHTS ,Tool,DXB,1,1,PCS,,,https://firebasestorage.googleapis.com/v0/b/mobile-inventory-2c3a7.appspot.com/o/production%2Fimages%2FS77FnMwh0Ba7e4cr1OP5Psfhvlu2%2FProduct_816_Field_34.jpg?alt=media&token=5e51db81-7960-4bcb-8855-948cd3325037,
FBC290,MILWAUKEE MULTI TOOL BLADE,Bit,DXB,1,1,BOX,9 pcs,,Inventory_Images/FBC290.Image.060421.jpg,02/10/2025 10:03:29
M18BP0,MILWAUKEE PLANER M18BP-0,Tool,SYD,1,1,PCS,,,https://firebasestorage.googleapis.com/v0/b/mobile-inventory-2c3a7.appspot.com/o/production%2Fimages%2FS77FnMwh0Ba7e4cr1OP5Psfhvlu2%2FProduct_2025-08-16%2015_57_02_Field_27.jpg?alt=media&token=25a1ade5-771f-4160-a9b1-bdd709960bd8,25/09/2025 03:36:01
FBC109,MILWAUKEE RAPID BATTERY CHARGER,Tool,DXB,1,0,PCS,,,https://firebasestorage.googleapis.com/v0/b/mobile-inventory-2c3a7.appspot.com/o/production%2Fimages%2FS77FnMwh0Ba7e4cr1OP5Psfhvlu2%2FProduct_2025-09-13%2016_47_10_Field_34.jpg?alt=media&token=d1bda085-134f-43ee-a0c0-e3c9c8cff811,24/09/2025 08:32:03
FBC253,MILWAUKEE RECIPROCATING SAW,Tool,DXB,1,0,PCS,,,Inventory_Images/FBC253.Image.082054.png,26/09/2025 12:21:25
M18FPRT0,MILWAUKEE RIVET TOOL,Tool,DXB,1,1,PCS,"1/4""",,Inventory_Images/M18FPRT0.Image.094752.jpg,24/09/2025 13:45:44
FBC110,MILWAUKEE SAWALL 32PCS,Bit,DXB,1,0,PCS,,,https://firebasestorage.googleapis.com/v0/b/mobile-inventory-2c3a7.appspot.com/o/production%2Fimages%2FS77FnMwh0Ba7e4cr1OP5Psfhvlu2%2FProduct_1031_Field_45.jpg?alt=media&token=d45d75e5-9601-44c1-b6ee-5845fa759c26,05/10/2025 11:10:21
FBC291,MILWAUKEE SDS PLUS DRILL BIT SET,Bit,DXB,1,1,BOX,8 pcs,(1) 5mm x 115mm SDS Plus MX4 Drill Bit (1) 5.5mm x 115mm SDS Plus MX4 Drill Bit (1) 6mm x 115mm SDS Plus MX4 Drill Bit (1) 6mm x 165mm SDS Plus MX4 Drill Bit (1) 6.5mm x 165mm SDS Plus MX4 Drill Bit (1) 8mm x 165mm SDS Plus MX4 Drill Bit (1)10mm x 165mm SDS Plus MX4 Drill Bit (1)12mm x 160mm SDS Plus MX4 Drill Bit,Inventory_Images/FBC291.Image.061707.png,02/10/2025 10:17:28
M18FH,MILWAUKEE SDS-PLUS HAMMER 4-MODE 26 MM M18FH,Tool,DXB,1,1,PCS,26 mm,,Inventory_Images/M18FH.Image.080641.jpg,23/09/2025 03:24:34
FBC289,MILWAUKEE SHOCKWAVE IMPACT DUTY,Bit,DXB,1,1,BOX,33 pcs,,Inventory_Images/FBC289.Image.055945.jpg,02/10/2025 10:04:19
M18BMS0,MILWAUKEE SINGLE CUT SHEARS M18BMS0,Tool,SYD,1,1,PCS,,,Inventory_Images/FBC155.Image.094529.jpg,24/09/2025 13:59:10
71013,MOP BUCKET DOUBLE TROLLEY 34 LI,Tool,DXB,2,2,PCS,"34 li, 61.5x42x41 cm",,Inventory_Images/FBC311.Image.123100.jpg,04/10/2025 16:29:54
BT01G,MOP MINI WRINGER TROLLEY 20 LI,Tool,DXB,2,2,PCS,"20 li, 4.6x5x27x29 cm",,Inventory_Images/FBC312.Image.123424.jpg,04/10/2025 16:35:23
FBC113,NYLON CABLE TIE PACKET ,Material,DXB,1,0,PACK,,,https://firebasestorage.googleapis.com/v0/b/mobile-inventory-2c3a7.appspot.com/o/production%2Fimages%2FS77FnMwh0Ba7e4cr1OP5Psfhvlu2%2FProduct_2025-08-18%2014_21_06_Field_27.jpg?alt=media&token=d171757b-8a71-43ad-8d0d-9391fc70f257,26/09/2025 09:15:05
FBC244,OUTDOOR SWITCH SOCKET BOX WATERPROOF PORTABLE,Tool,DXB,1,0,PCS,,,Inventory_Images/FBC244.Image.113044.jpg,23/09/2025 15:31:52
AGG051K,OZITO ANGLE GRINDER AGG-051K 230MM,Tool,SYD,1,0,PCS,,,https://firebasestorage.googleapis.com/v0/b/mobile-inventory-2c3a7.appspot.com/o/production%2Fimages%2FS77FnMwh0Ba7e4cr1OP5Psfhvlu2%2FProduct_2025-09-15%2018_48_29_Field_45.jpg?alt=media&token=0d12d1fc-0987-4017-885a-c7803889849a,01/10/2025 08:36:18
RHD1550,OZITO ROTARY HAMMER SOS CORDED 1500W 5J 3 MODE KIT RHD-1550,Tool,DXB,2,0,PCS,5J 3 mode,,Inventory_Images/RHD1550.Image.125011.jpg,06/10/2025 16:50:03
PPCUP,PAPER COFFEE CUP,Material,DXB,0,0,PACK,,,Inventory_Images/PPCUP.Image.141423.jpg,24/09/2025 18:13:43
B20548,"PASLODE 1000 FRAMING NAILS, 1 FUEL CELLS 50MM B20548",Material,DXB,1,1,PACK,50mmx2.87 mm,,Inventory_Images/B20548.Image.105100.jpg,27/09/2025 21:42:18
B20547V,"PASLODE 3000 FRAMING NAILS, 3 FUEL CELLS 75MM B20547V",Material,DXB,2,2,PACK,75mmx3.06mm,,Inventory_Images/B20547V.Image.105344.jpg,10/10/2025 14:29:07
FBC117,PASLODE ANGLE GUN WITH CHARGER 3 BATTERY,Tool,SYD,1,1,PCS,,,Inventory_Images/FBC117.Image.124950.jpg,06/10/2025 16:49:40
FBC315,PIPE MARKING TAPE,Material,DXB,3,3,ROLL,,,Inventory_Images/FBC315.Image.125354.jpg,04/10/2025 16:54:19
FBC234,PLASTIC CHAIR,Tool,DXB,4,2,PCS,,,Inventory_Images/FBC234.Image.192849.jpg,26/09/2025 12:15:17
FBC118,PLASTIC DROP CLOTH ,Material,DXB,1,0,PACK,,,Inventory_Images/FBC118.Image.124917.jpg,06/10/2025 16:49:10
FBC119,PLASTIC FOLDING TABLE PORTABLE CENTERFOLD DESK,Tool,DXB,1,0,PCS,,,Inventory_Images/FBC119.Image.124856.jpg,06/10/2025 16:48:50
FBC121,PLYWOOD GREENMAX TECH 4'x8'x18MM,Material,DXB,7,7,PCS,4'x8'x18 mm,,Inventory_Images/FBC121.Image.025501.jpg,29/09/2025 06:53:43
FBC120,POLYTHENE SHEET ROLL 500G PLASTIC,Material,DXB,8,2,ROLL,,,Inventory_Images/FBC120.Image.124835.jpg,06/10/2025 16:48:25
FBC240,POLYTHENE WRAPPING ROLL PLASTIC,Tool,DXB,5,5,ROLL,,,Inventory_Images/FBC240.Image.065306.jpg,23/09/2025 10:55:08
FBC239,PRESSURE TESTING PUMP PRUFPUMP CLARK-RP-50,Tool,DXB,1,1,PCS,,,Inventory_Images/FBC239.Image.065049.jpg,23/09/2025 10:50:47
FBC122,PRO MOBILE TOOL BOX CHEST,Tool,SYD,2,0,PCS,,,Inventory_Images/FBC122.Image.124801.jpg,06/10/2025 16:47:54
FBC123,PVC BUCKET,Tool,DXB,9,7,PCS,,,Inventory_Images/FBC123.Image.124739.jpg,06/10/2025 16:47:32
FBC266,PVC CONDUIT PIPE,Material,DXB,15,15,PCS,,,Inventory_Images/FBC266.Image.065944.jpg,27/09/2025 11:03:22
FBC246,PVC TAPE BLACK,Material,DXB,16,16,ROLL,,,Inventory_Images/FBC246.Image.142157.jpg,04/10/2025 16:54:28
FBC304,RACING GO KART,Tool,DXB,1,1,PCS,,,Inventory_Images/FBC304.Image.083646.jpg,04/10/2025 12:35:46
FBC125,RAMSET FRAMEBOSS AUTOMATIC TOOL WITH MAGZINE AND NAILS,Tool,SYD,1,1,PCS,,,Inventory_Images/FBC125.Image.124716.jpg,06/10/2025 16:47:08
TF1100,RAMSET TRAKFAST FASTENING GUN,Tool,DXB,1,1,PCS,,,Inventory_Images/TF1100.Image.084020.jpg,24/09/2025 13:28:51
RRL100W,RR FLOOD LIGHT 100W,Tool,DXB,2,0,PCS,,,Inventory_Images/RRL100W.Image.103039.jpg,23/09/2025 15:20:57
RRL150W,RR FLOOD LIGHT 150W,Tool,DXB,3,0,PCS,,,Inventory_Images/RRL150W.Image.103117.jpg,24/09/2025 20:49:38
RR3PIN,RR SWITCH PLUG,Material,DXB,8,0,PCS,,,Inventory_Images/RR3PIN.Image.111659.jpg,26/09/2025 13:44:41
FBC128,RR SWITCHES CARNATION WEATHERPROOF ISOLATOR SWITCH,Material,DXB,2,2,PCS,,,Inventory_Images/FBC128.Image.124649.jpg,06/10/2025 16:46:40
RRWC,RR WHITE CABLE WIRE ROLL BUNDLE,Tool,DXB,1,0,PCS,,,Inventory_Images/RRWC.Image.094429.jpg,27/09/2025 01:36:42
FBC235,GARBAGE BAG,Material,DXB,0,0,ROLL,,,Inventory_Images/FBC235.Image.193123.png,05/10/2025 16:12:57
FBC279,RVV FLEXIBLE CABLE 100 YARDS,Material,DXB,1,0,ROLL,,,Inventory_Images/FBC279.Image.132158.jpg,27/09/2025 22:22:41
ECO2437RG,RYOBI DROP SAW 2200W 355MM,Tool,DXB,1,0,PCS,355 mm,,Inventory_Images/ECO2437RG.Image.131108.jpg,05/10/2025 16:11:45
FBC114,SAFETAG SCAFFOLDING TAGS,Material,DXB,15,12,PCS,,12 New 3 Used,Inventory_Images/FBC114.Image.100615.jpg,07/10/2025 11:40:43
FBC129,SAFETY GLASS ,Tool,DXB,11,11,PCS,,,Inventory_Images/FBC129.Image.124616.jpg,06/10/2025 16:46:10
FBC294,SAFETY GLOVES,Material,DXB,3,0,PCS,,,Inventory_Images/FBC294.Image.105908.jpg,02/10/2025 14:59:20
FBC130,SAFETY HELMET ,Tool,DXB,67,57,PCS,,,Inventory_Images/FBC130.Image.124556.jpg,06/10/2025 16:45:50
FBC131,SAFETY JACKET ,Tool,DXB,25,16,PCS,,,Inventory_Images/FBC131.Image.124535.jpg,06/10/2025 16:45:30
FBC295,SAFETY WARNING TAPE,Material,DXB,1,0,ROLL,,,Inventory_Images/FBC295.Image.110017.jpg,04/10/2025 16:54:58
FBC243,SAUSAGE CAULK GUN,Tool,DXB,3,3,PCS,,,Inventory_Images/FBC243.Image.112532.jpg,26/09/2025 09:10:18
CAULK2,SAUSAGE CAULKING GUN,Tool,DXB,2,1,PCS,,,Inventory_Images/CAULK2.Image.051206.jpg,26/09/2025 09:21:23
FBC298,SCAFFOLDING FRAME LARGE,Tool,DXB,2,0,PCS,,,Inventory_Images/FBC298.Image.111104.jpg,02/10/2025 15:26:08
FBC299,SCAFFOLDING FRAME SMALL,Tool,DXB,2,0,PCS,,,Inventory_Images/FBC299.Image.111132.jpg,02/10/2025 15:25:46
FBC228,SCAFFOLDING PIPE LARGE,Tool,DXB,12,4,PCS,,,Inventory_Images/FBC227.Image.095806.jpg,02/10/2025 15:26:25
FBC227,SCAFFOLDING STABILISERS PIPE SMALL,Tool,DXB,5,5,PCS,,,Inventory_Images/FBC227.Image.095806.jpg,
FBC226,SCAFFOLDING WHEEL DIAMETER CASTERS,Tool,DXB,4,0,PCS,,,Inventory_Images/FBC226.Image.100959.jpg,23/09/2025 15:46:12
FBC132,SCOTCH BLUE PAINTER TAPE,Material,DXB,31,28,ROLL,,,Inventory_Images/FBC132.Image.124309.jpg,06/10/2025 16:43:03
FS200,SCRAPER FLOOR MASTERFINISH 200MM FS200,Tool,SYD,4,0,PCS,,,Inventory_Images/FS200.Image.124334.jpg,06/10/2025 16:43:27
FS300,SCRAPER FLOOR MASTERFINISH 300MM FS300,Tool,SYD,2,0,PCS,,,Inventory_Images/FS300.Image.124404.jpg,06/10/2025 16:43:57
FS356T,SCRAPER FLOOR MASTERFINISH 356MM W/HANDLE FS356T,Tool,SYD,2,0,PCS,,,Inventory_Images/FS356T.Image.124423.jpg,06/10/2025 16:44:17
GYP1INCH,SCREW 1 INCH GYPSUM,Material,DXB,1,0,PACK,1 inch,,Inventory_Images/GYP1INCH.Image.050737.jpg,26/09/2025 09:21:29
GYP2INCH,SCREW 2 INCH GYPSUM,Material,DXB,1,0,PACK,2 inch,,Inventory_Images/GYP2INCH.Image.050818.jpg,26/09/2025 09:21:37
SCR1INCH,SCREW 2 INCH SILVER,Material,DXB,1,0,PACK,2 inch,,Inventory_Images/SCR1INCH.Image.050947.jpg,26/09/2025 09:21:51
GYP3INCH,SCREW 3 INCH GYPSUM,Material,DXB,1,0,PACK,3 inch,,Inventory_Images/GYP3INCH.Image.050905.jpg,26/09/2025 09:21:43
EZ100,SEALENT EASYSEAL EZ100,Material,DXB,7,7,PCS,,,Inventory_Images/EZ100.Image.124055.jpg,06/10/2025 16:40:47
FBC137,SEALENT MAPESIL AC - 103 BLANC LUNE MONDWEIB,Material,DXB,1,1,PCS,,,Inventory_Images/FBC137.Image.124455.jpg,06/10/2025 16:44:44
FBC138,SEALENT MAPESIL AC - 111 SILBERGRAU GRIS,Material,DXB,1,1,PCS,,,Inventory_Images/FBC138.Image.124505.jpg,06/10/2025 16:44:54
FBC139,SEALENT MAPESIL AC - 120 NEGRO CZARNY,Material,DXB,1,1,PCS,,,Inventory_Images/FBC139.Image.124205.jpg,06/10/2025 16:41:58
FBC140,SEALENT MAPESIL AC - 123 BIANCO ANTICO ANCIENT WHITE ,Material,DXB,1,1,PCS,,,Inventory_Images/FBC140.Image.124211.jpg,06/10/2025 16:42:04
FBC141,SEALENT MAPESIL AC - 137 CARIBE KARSAIBSKI,Material,DXB,1,1,PCS,,,Inventory_Images/FBC141.Image.124218.jpg,06/10/2025 16:42:11
FBC142,SEALENT MAPESIL AC - 138 MANDORIA ALMOND ,Material,DXB,1,1,PCS,,,Inventory_Images/FBC142.Image.124225.jpg,06/10/2025 16:42:18
FBC143,SEALENT MAPESIL AC - 144 CIOCCOLATE CHOCOLATE,Material,DXB,1,1,PCS,,,Inventory_Images/FBC143.Image.124232.jpg,06/10/2025 16:42:25
FBC144,SEALENT MAPESIL AC - 188 BISCOTTO BISCUIT,Material,DXB,1,1,PCS,,,Inventory_Images/FBC144.Image.124238.jpg,06/10/2025 16:42:32
FBC145,SEALENT MAPESIL AC - 999 TRANSPARENT ,Material,DXB,1,1,PCS,,,Inventory_Images/FBC145.Image.124245.jpg,06/10/2025 16:42:38
FBC146,SEALENT STELLER GP ,Material,DXB,3,1,PCS,,,Inventory_Images/FBC146.Image.124030.jpg,06/10/2025 16:40:19
FBC203,GOKART PRO LAMBORGHINI EDITION CAR,Tool,DXB,2,2,PCS,,,Inventory_Images/FBC203.Image.131250.jpg,06/10/2025 15:30:24
FBC147,SHIELD ANCHOR 16X60,Material,DXB,8,8,PCS,,,Inventory_Images/FBC147.Image.123932.jpg,06/10/2025 16:39:25
SDG22,"SHIELD GROOVED RIGID COUPLING 73-21/2""",Material,DXB,5,5,PCS,"73-21/2""",,Inventory_Images/SDG22.Image.201410.jpg,05/10/2025 18:04:02
20116162,SHOVELS CONCRETE TROJAN O-HANDLE STEEL 20116162,Tool,DXB,27,23,PCS,,,Inventory_Images/20116162.Image.123906.jpg,10/10/2025 11:46:40
FBC150,SIGNBOARD BESPOKEN BUILD ,Tool,DXB,9,9,PCS,,,Inventory_Images/FBC150.Image.123841.jpg,06/10/2025 16:38:35
FBC151,SIGNBOARD EMERGENCY CONTACT ,Tool,DXB,7,6,PCS,,,Inventory_Images/FBC151.Image.123825.jpg,06/10/2025 16:38:19
FBC336,SIGNBOARD FBC,Tool,DXB,3,3,PCS,,1 big 1 med 1 small,Inventory_Images/FBC336.Image.122544.jpg,04/10/2025 16:24:09
FBC152,SIGNBOARD PROJECT INFORMATION ,Tool,DXB,10,9,PCS,,,Inventory_Images/FBC152.Image.123657.jpg,06/10/2025 16:36:45
FBC153,SIGNBOARD PROJECT RENOVATION ,Tool,DXB,4,2,PCS,,,Inventory_Images/FBC153.Image.123809.jpg,06/10/2025 16:38:04
FBC154,SIGNBOARD SAFETY ,Tool,DXB,11,5,PCS,,,Inventory_Images/FBC154.Image.123751.jpg,06/10/2025 16:37:44
FBC157,SLEEVE ANCHOR ,Material,DXB,4,4,PCS,,,Inventory_Images/FBC157.Image.123728.jpg,06/10/2025 16:37:22
FBC159,SPIRIT LEVEL (1200MM),Tool,SYD,1,0,PCS,,,Inventory_Images/FBC159.Image.123604.jpg,06/10/2025 16:35:57
FBC160,SPIRIT LEVEL (1800MM),Tool,SYD,2,0,PCS,,,Inventory_Images/FBC160.Image.123557.jpg,06/10/2025 16:35:51
FBC161,SPIRIT LEVEL (600MM),Tool,SYD,1,0,PCS,,,Inventory_Images/FBC161.Image.123612.jpg,06/10/2025 16:36:04
1215401,SPIRIT LEVEL SOLA RED 120CM 1215401,Tool,DXB,1,0,PCS,,,Inventory_Images/1215401.Image.123525.jpg,06/10/2025 16:35:19
1214801,SPIRIT LEVEL SOLA RED 60CM 1214801,Tool,DXB,1,0,PCS,,,Inventory_Images/1214801.Image.123504.jpg,06/10/2025 16:34:56
HP251AE,SPITWATER PRESSURE CLEANER HP251/AE,Tool,DXB,1,1,PCS,,,Inventory_Images/HP251AE.Image.083255.png,
FBC164,SPO2 ADAPTER CABLE WHITE ,Tool,DXB,0,0,PCS,,,Inventory_Images/FBC164.Image.123430.jpg,06/10/2025 16:34:22
FBC165,SPRAY PAINT BLACK ,Material,DXB,10,6,PCS,,,Inventory_Images/FBC165.Image.123354.jpg,06/10/2025 16:33:51
FBC167,SPRAY PAINT BLUE,Material,DXB,24,19,PCS,,,Inventory_Images/FBC167.Image.123339.jpg,06/10/2025 16:33:32
40011229,SPRAY PAINT FLUORO PINK,Material,DXB,24,24,PCS,,,Inventory_Images/40011229.Image.123320.jpg,06/10/2025 16:33:12
FBC166,SPRAY PAINT RED,Material,DXB,10,5,PCS,,,Inventory_Images/FBC166.Image.123301.jpg,06/10/2025 16:32:57
40011205,SPRAY PAINT YELLOW,Material,DXB,12,6,PCS,,,Inventory_Images/40011205.Image.123242.jpg,06/10/2025 16:32:35
FBC170,STACYC 2Ah CYCLE BATTERY ,Tool,DXB,1,1,PCS,,,Inventory_Images/FBC170.Image.123207.jpg,06/10/2025 16:31:58
FBC171,STACYC 4Ah CYCLE BATTERY ,Tool,DXB,1,1,PCS,,,Inventory_Images/FBC171.Image.123214.jpg,06/10/2025 16:32:07
FBC172,STACYC BATTERY CHARGER ,Tool,DXB,2,2,PCS,,,Inventory_Images/FBC172.Image.123137.jpg,06/10/2025 16:31:29
BT100,"STAND FAN 24""",Tool,DXB,1,1,PCS,,,Inventory_Images/BT100.Image.110853.jpg,26/09/2025 12:36:42
FBC173,STANLEY 64 PIECE DRIVE SOCKET SET ,Tool,DXB,1,0,PCS,,,Inventory_Images/FBC173.Image.123116.jpg,06/10/2025 16:30:59
FBC174,STANLEY CHISELS SET 5X,Tool,DXB,1,1,PCS,,,Inventory_Images/FBC174.Image.123106.jpg,06/10/2025 16:30:35
STXH2000,STANLEY HEAT GUN YELLOW 2000W,Tool,DXB,2,1,PCS,,,Inventory_Images/STXH2000.Image.082417.jpg,05/10/2025 10:39:55
FBC176,"STANLEY SCREWDRIVER, SET OF 13 PIECE ",Tool,SYD,1,1,PCS,,,Inventory_Images/FBC176.Image.123021.jpg,06/10/2025 16:30:13
FBC177,STANLEY SILENT AIR COMPRESSOR ,Tool,DXB,1,1,PCS,,,Inventory_Images/FBC177.Image.122958.jpg,06/10/2025 16:29:51
FBC308,STICKY MAT,Material,DXB,10,10,PCS,"26""x45""",,Inventory_Images/FBC308.Image.122131.jpg,04/10/2025 16:20:08
BG56,STIHL - BG 56 BLOWER,Tool,SYD,2,1,PCS,,,Inventory_Images/FBC210.Image.075626.jpg,03/10/2025 13:10:51
FBC18,STRAIGHT CHUTE YELLOW WITH ANGLE,Tool,DXB,11,0,PCS,,,Inventory_Images/FBC18.Image.122936.jpg,06/10/2025 16:29:28
SSBG300830,STRUCTURAL GALVANISED STRAPPING BRACING 30 x 0.8mm x 30m,Material,DXB,1,1,ROLL,30x0.8mmx30m,,Inventory_Images/SSBG300830.Image.200831.jpg,05/10/2025 16:16:52
GRTD0069,TIE DOWN RATCHET GRUNT 50MMX9M LC2500KG GRTD0069,Truck Acc.,DXB,4,4,PCS,50 mm,,Inventory_Images/GRTD0069.Image.140951.jpg,04/10/2025 12:43:40
LC300KG,TIE DOWN RATCHET SET SYNECO 25MM 4.5M LC300KG S HOOK,Truck Acc.,DXB,6,5,PCS,25 mm,,Inventory_Images/LC300KG.Image.122905.jpg,06/10/2025 16:28:57
FBC180,TOOL BELT,Tool,SYD,1,0,PCS,,,Inventory_Images/FBC180.Image.122759.jpg,06/10/2025 16:27:52
FBC182,TSHIRT MAROON - LARGE ,Material,DXB,0,0,PCS,,,Inventory_Images/FBC182.Image.122708.jpg,06/10/2025 16:27:01
FBC183,TSHIRT MAROON - MEDIUM ,Material,DXB,0,0,PCS,,,Inventory_Images/FBC183.Image.122717.jpg,06/10/2025 16:27:08
FBC184,TSHIRT MAROON - SMALL,Material,DXB,13,13,PCS,,,Inventory_Images/FBC184.Image.122724.jpg,06/10/2025 16:27:16
FBC185,TSHIRT MAROON - XL,Material,DXB,6,6,PCS,,,Inventory_Images/FBC185.Image.122732.jpg,06/10/2025 16:27:23
FBC277,TUBE LIGHT CFL,Tool,DXB,9,0,PCS,,,Inventory_Images/FBC277.Image.132312.jpg,01/10/2025 15:09:39
4712017141121,TUF-FIX SELF DRILLING HEX WASHER HEAD,Material,DXB,1,1,PACK,16 mm - 14x1-1/2,,Inventory_Images/4712017141121.Image.110709.jpg,23/09/2025 15:07:03
FBC186,UKEN LAYOUT SET,Tool,DXB,1,1,PCS,,,Inventory_Images/FBC186.Image.122637.jpg,06/10/2025 16:26:30
FBC,WALL PLUG 100PC PACK,Material,DXB,4,3,PACK,,,Inventory_Images/FBC.Image.075012.jpg,05/10/2025 18:22:02
WS482110,WARMING DRAWER 400 SERIES SS 76X21CM 33.200KG,Tool,DXB,0,1,PCS,72x21 cm,,Inventory_Images/default.jpg,
WS461110,WARMING DRAWER 400 SERIES ST.STEEL 60X14 19.800KG,Tool,DXB,0,1,PCS,60x14 cm,,Inventory_Images/default.jpg,
FBC303,WASHING DRYER,Tool,DXB,1,1,PCS,,,Inventory_Images/FBC303.Image.113514.jpg,04/10/2025 15:35:00
FBC302,WASHING MACHINE,Tool,DXB,2,2,PCS,8 kg,,Inventory_Images/FBC302.Image.113333.jpg,04/10/2025 15:33:14
FBC257,WATER DISPENSER,Tool,DXB,2,2,PCS,,1 using at warehouse.,Inventory_Images/FBC257.Image.095015.jpg,05/10/2025 16:14:51
FBC187,WELDER HELMET,Tool,SYD,1,1,PCS,,,Inventory_Images/FBC187.Image.122613.jpg,06/10/2025 16:26:06
S100HGSBU,ARBANA CONCRETE RAKE 100L BLUE,Tool,DXB,4,1,PCS,,,Inventory_Images/S100HGSBU.Image.122547.jpg,08/10/2025 08:00:13
FBC248,WHITE BOARD,Tool,DXB,0,0,PCS,,,Inventory_Images/FBC248.Image.052729.jpg,25/09/2025 09:24:56
FBC312,WINDOWS DOOR SEAL TAPE,Material,DXB,5,5,ROLL,,,Inventory_Images/FBC312.Image.124328.jpg,04/10/2025 16:55:09
FBC189,WIRE CONNECTOR SMALL 6MM²-10A,Material,DXB,133,133,PCS,6 mm,,https://firebasestorage.googleapis.com/v0/b/mobile-inventory-2c3a7.appspot.com/o/production%2Fimages%2FS77FnMwh0Ba7e4cr1OP5Psfhvlu2%2FProduct_2025-08-19%2010_34_02_Field_27.jpg?alt=media&token=d060f277-90fa-4c9b-8911-2af1b0f5d333,
FBC205,WIRE CONNECTORS LARGE,Material,DXB,60,60,PCS,,,https://firebasestorage.googleapis.com/v0/b/mobile-inventory-2c3a7.appspot.com/o/production%2Fimages%2FS77FnMwh0Ba7e4cr1OP5Psfhvlu2%2FProduct_2025-08-19%2010_34_21_Field_27.jpg?alt=media&token=6e1e5a11-70f2-4f0d-b4ec-470f5122c9f1,01/10/2025 09:13:42
FBC190,WIRE CONNECTORS MEDIUM,Material,DXB,144,144,PCS,,,https://firebasestorage.googleapis.com/v0/b/mobile-inventory-2c3a7.appspot.com/o/production%2Fimages%2FS77FnMwh0Ba7e4cr1OP5Psfhvlu2%2FProduct_2025-08-19%2010_34_21_Field_27.jpg?alt=media&token=6e1e5a11-70f2-4f0d-b4ec-470f5122c9f1,
FBC191,WIRE EXTENSION REEL RR,Tool,DXB,6,3,PCS,,,Inventory_Images/FBC191.Image.122453.jpg,06/10/2025 16:24:43
FBC335,WOODEN CHAIR,Material,DXB,12,12,PCS,,,Inventory_Images/default.jpg,04/10/2025 16:02:23
FBC218,"WOODEN FLOORING PATTERN DESIGN 395*240*15/3mm, 389*110*15/3mm (492m²)",Material ,DXB,0,492,M²,"395*240*15/3mm, 389*110*15/3mm",,Inventory_Images/FBC218.Image.110120.jpg,02/10/2025 17:23:22
FBC2016,WOODEN PALLETS 120X100CM,Tool,DXB,20,50,PCS,120x100 cm,,Inventory_Images/FBC2016.Image.102119.jpg,23/09/2025 03:26:12
FBC192,WPA 100 CEMENTITIOUS WATERPROOFING MEMBRANE 20KG BAG,Material,DXB,10,7,PCS,20 kg,,Inventory_Images/FBC192.Image.122400.jpg,06/10/2025 16:23:53
FBC193,WPA PLUG FAST SETTING HYDRAULIC BINDER 4.5KG BUCKET,Material,DXB,3,2,PCS,45. kg,,Inventory_Images/FBC193.Image.122339.jpg,06/10/2025 16:23:30
91220045OV,WRECKING BAR CRAFTRIGHT 450X16MM 91220045ov,Tool,DXB,4,2,PCS,450 mm,,Inventory_Images/91220045OV.Image.122310.jpg,10/10/2025 10:19:28
KWB1200,WRECKING BAR KANGO 1200MM KWB1200,Tool,DXB,2,0,PCS,1200 mm,,Inventory_Images/KWB1200.Image.122224.jpg,06/10/2025 16:22:15
TJQ25102,WRECKING BAR TROJAN 750MM TJQ25102,Tool,DXB,2,0,PCS,750 mm,,Inventory_Images/TJQ25102.Image.122000.jpg,08/10/2025 08:27:14
FBC316,BOOSTER CABLE FOR BATTERY,Tool,DXB,1,1,PCS,,,Inventory_Images/FBC316.Image.065855.jpg,05/10/2025 10:58:51
FBC317,BATTERY CHARGER FOR PLANTS,Tool,DXB,1,3,PCS,12 v,,Inventory_Images/FBC317.Image.070013.jpg,05/10/2025 13:28:47
FBC318,DIESAL CAN 10L,Material,SYD,1,1,PCS,10 li,,Inventory_Images/FBC318.Image.070358.jpg,05/10/2025 11:03:20
FBC320,CARPET PROTECTION FILM TAPE,Material,DXB,2,2,ROLL,1m x 100m,,Inventory_Images/FBC320.Image.125834.jpg,05/10/2025 16:56:57
FBC321,INSULATED FLEXIBLE DUCT,Material,DXB,1,1,PCS,"6""",,Inventory_Images/FBC321.Image.130147.jpg,05/10/2025 17:01:03
FBC322,NON WOVEN GEOTEXTILE CARPET ROLL 1Mx50M,Material,DXB,4,4,ROLL,1m x 50m,,Inventory_Images/FBC322.Image.132040.jpg,05/10/2025 17:20:32
FBC323,SAND PAPER ABRASIVE SHEET FOR ORBITAL SANDER,Material,DXB,25,25,PCS,230x280MM,,Inventory_Images/FBC323.Image.133034.jpg,05/10/2025 17:31:06
FBC324,SCREW WITH WALL PLUG 100PC PACK,Material,DXB,3,3,PACK,6x40,,Inventory_Images/FBC324.Image.133537.jpg,05/10/2025 18:20:27
FBC326,SCREW 1-1/2 INCH SELF DRILLING,Material,DXB,1,1,PACK,1-1/2 inch 500pcs,,Inventory_Images/FBC326.Image.142258.jpg,05/10/2025 18:22:42
FBC327,HIGH PRESSURE GUN,Tool,DXB,1,1,PCS,,,Inventory_Images/FBC327.Image.141212.jpg,05/10/2025 18:11:23
FBC328,INDUSTRIAL PLUG MALE,Tool,DXB,0,0,PCS,,,Inventory_Images/FBC328.Image.090701.jpg,07/10/2025 13:06:30
TE30C,HILTI ROTARY HAMMER DRILL  TE 30-C,Tool,SYD,1,1,PCS,,NOT WORKING RECEIVED FROM G2,Inventory_Images/TE30C.Image.042743.jpg,08/10/2025 09:44:14